{
	"AlgoMap255BrLevel": {
		"sectionone": [0.006667,1.993],
		"sectiontwo": [0.05034,-194.6],
		"sectionthree": [0.01102362205,74.51023622],
		"sectionkeypoint": [4501,6848]
	},
	"LcmMapAlgoBrLevel": [
		[1,1],
		[2,76],
		[3,226],
		[4,376],
		[5,526],
		[6,676],
		[7,826],
		[8,976],
		[9,1125],
		[10,1275],
		[11,1425],
		[12,1575],
		[13,1725],
		[14,1875],
		[15,2025],
		[16,2175],
		[17,2325],
		[18,2475],
		[19,2625],
		[20,2775],
		[21,2925],
		[22,3075],
		[23,3225],
		[24,3375],
		[25,3525],
		[26,3675],
		[27,3825],
		[28,3975],
		[29,4125],
		[30,4275],
		[31,4425],
		[32,4511],
		[33,4531],
		[34,4551],
		[35,4570],
		[36,4590],
		[37,4610],
		[38,4630],
		[39,4650],
		[40,4670],
		[41,4690],
		[42,4710],
		[43,4729],
		[44,4749],
		[45,4769],
		[46,4789],
		[47,4809],
		[48,4829],
		[49,4849],
		[50,4868],
		[51,4888],
		[52,4908],
		[53,4928],
		[54,4948],
		[55,4968],
		[56,4988],
		[57,5008],
		[58,5027],
		[59,5047],
		[60,5067],
		[61,5087],
		[62,5107],
		[63,5127],
		[64,5147],
		[65,5166],
		[66,5186],
		[67,5206],
		[68,5226],
		[69,5246],
		[70,5266],
		[71,5286],
		[72,5305],
		[73,5325],
		[74,5345],
		[75,5365],
		[76,5385],
		[77,5405],
		[78,5425],
		[79,5445],
		[80,5464],
		[81,5484],
		[82,5504],
		[83,5524],
		[84,5544],
		[85,5564],
		[86,5584],
		[87,5603],
		[88,5623],
		[89,5643],
		[90,5663],
		[91,5683],
		[92,5703],
		[93,5723],
		[94,5743],
		[95,5762],
		[96,5782],
		[97,5802],
		[98,5822],
		[99,5842],
		[100,5862],
		[101,5882],
		[102,5901],
		[103,5921],
		[104,5941],
		[105,5961],
		[106,5981],
		[107,6001],
		[108,6021],
		[109,6040],
		[110,6060],
		[111,6080],
		[112,6100],
		[113,6120],
		[114,6140],
		[115,6160],
		[116,6180],
		[117,6199],
		[118,6219],
		[119,6239],
		[120,6259],
		[121,6279],
		[122,6299],
		[123,6319],
		[124,6338],
		[125,6358],
		[126,6378],
		[127,6398],
		[128,6418],
		[129,6438],
		[130,6458],
		[131,6478],
		[132,6497],
		[133,6517],
		[134,6537],
		[135,6557],
		[136,6577],
		[137,6597],
		[138,6617],
		[139,6636],
		[140,6656],
		[141,6676],
		[142,6696],
		[143,6716],
		[144,6736],
		[145,6756],
		[146,6775],
		[147,6795],
		[148,6815],
		[149,6835],
		[150,6892],
		[151,6984],
		[152,7075],
		[153,7165],
		[154,7256],
		[155,7347],
		[156,7437],
		[157,7528],
		[158,7619],
		[159,7710],
		[160,7800],
		[161,7891],
		[162,7982],
		[163,8072],
		[164,8163],
		[165,8254],
		[166,8345],
		[167,8435],
		[168,8526],
		[169,8617],
		[170,8707],
		[171,8798],
		[172,8889],
		[173,8980],
		[174,9070],
		[175,9161],
		[176,9252],
		[177,9342],
		[178,9433],
		[179,9524],
		[180,9615],
		[181,9705],
		[182,9796],
		[183,9887],
		[184,9977],
		[185,10068],
		[186,10159],
		[187,10250],
		[188,10340],
		[189,10431],
		[190,10522],
		[191,10612],
		[192,10703],
		[193,10794],
		[194,10885],
		[195,10975],
		[196,11066],
		[197,11157],
		[198,11247],
		[199,11338],
		[200,11429],
		[201,11520],
		[202,11610],
		[203,11701],
		[204,11792],
		[205,11882],
		[206,11973],
		[207,12064],
		[208,12155],
		[209,12245],
		[210,12336],
		[211,12427],
		[212,12517],
		[213,12608],
		[214,12699],
		[215,12790],
		[216,12880],
		[217,12971],
		[218,13062],
		[219,13152],
		[220,13243],
		[221,13334],
		[222,13425],
		[223,13515],
		[224,13606],
		[225,13697],
		[226,13787],
		[227,13878],
		[228,13969],
		[229,14060],
		[230,14150],
		[231,14241],
		[232,14332],
		[233,14422],
		[234,14513],
		[235,14604],
		[236,14695],
		[237,14785],
		[238,14876],
		[239,14967],
		[240,15057],
		[241,15148],
		[242,15239],
		[243,15330],
		[244,15420],
		[245,15511],
		[246,15602],
		[247,15692],
		[248,15783],
		[249,15874],
		[250,15965],
		[251,16055],
		[252,16146],
		[253,16237],
		[254,16327],
		[255,16373]
	]
}
