{
	"ramperbrightness": {
		"sectiondown": [
			[-0.4572792475,10106.60591],
			[-0.6329570693,12685.90769],
			[-0.8296726233,15230.42338],
			[-1.528381495,22313.23521],
			[-1.833523252,24720.49854],
			[-2.095300392,26463.67251],
			[-2.927334646,31367.6824],
			[-2.960388759,31545.71185],
			[-6.15772295,47401.29211],
			[-6.731051345,49412.52812],
			[-7.844890511,52408.75547],
			[-6.583690987,51089.54077],
			[-7.926553672,51555.51412],
			[-1.143096318e-14,50208]
		],
		"section_downpoint": [14682,12935,10137,7889,6659,5894,5386,4959,3508,2690,1046,347,170,31],
		"section_down_min_step": [132,95,73,40,33,72,52,51,25,23,20,23,19,"_Inf_"],
		"sectiondowngapminone": 20,
		"sectiondowngapmintwo": 80,
		"sectiondownkeybr": 7889,
		"downlcmFlickValue": 2,
		"uptotaltime": 2800,
		"uplimmitcount": 25,
		"section_uppoint": [7402,12173],
		"quickupstep": [682,593,309],
		"quickupgap": [20,0,0],
		"quickdownstep": [97,112,72,238],
		"quickdowngap": [40,40,30,20],
		"quick_sectionpoint": [10801,8372,5758,100],
		"pemtotaltime": 10000
	}
}
