{
	"ramperbrightness": {
		"sectiondown": [
			[-0.2552666958,6815.034277],
			[-0.1558936605,5414.669464],
			[-0.2340853081,6478.310445],
			[-0.3519219512,8031.515239],
			[-0.3566105563,8086.587595],
			[-0.4775876289,9337.974433],
			[-0.5747153285,10116.55007],
			[-0.6436106952,10583.86735],
			[-0.9017349398,12093.37793],
			[-0.896,12061.744],
			[-1.819609862,16740.75156],
			[-4.633839754,24263.18806],
			[-19.06127454,39383.13972],
			[-52.0988024,50781.08683]
		],
		"section_downpoint": [14092,13603,13181,11746,10344,8016,6783,5848,5516,5066,2673,1048,345,11],
		"section_down_min_step": [236,382,259,171,169,126,105,94,67,67,33,13,8,3],
		"sectiondowngapminone": 20,
		"sectiondowngapmintwo": 80,
		"sectiondownkeybr": 2673,
		"downlcmFlickValue": 2,
		"uptotaltime": 2800,
		"uplimmitcount": 25,
		"section_uppoint": [2926,8719],
		"quickupstep": [211,579,540],
		"quickupgap": [20,0,0],
		"quickdownstep": [30,86,86,417],
		"quickdowngap": [40,40,30,20],
		"quick_sectionpoint": [6692,3795,1767,14],
		"pemtotaltime": 10000
	}
}
